label,timestamp,method,method_name,iteration,status,duration_ms,radius_round_trips,eap_round_trips,access_req,access_challenge,access_accept,access_reject,retransmits,loss_pct,msg1_bytes,msg2_bytes,msg3_bytes,msg4_bytes,msg1_frags,msg2_frags,msg3_frags,msg4_frags
handshake,2026-07-23T16:15:24+0900,0,SIG/SIG,1,PASS,2.963,3,3,3,2,1,0,0,0.0,34,147,115,0,1,1,1,0
handshake,2026-07-23T16:15:24+0900,0,SIG/SIG,2,PASS,0.878,3,3,3,2,1,0,0,0.0,34,147,115,0,1,1,1,0
handshake,2026-07-23T16:15:24+0900,0,SIG/SIG,3,PASS,2.103,3,3,3,2,1,0,0,0.0,34,147,115,0,1,1,1,0
handshake,2026-07-23T16:15:24+0900,0,SIG/SIG,4,PASS,0.748,3,3,3,2,1,0,0,0.0,34,147,115,0,1,1,1,0
handshake,2026-07-23T16:15:24+0900,0,SIG/SIG,5,PASS,0.761,3,3,3,2,1,0,0,0.0,34,147,115,0,1,1,1,0
handshake,2026-07-23T16:15:24+0900,0,SIG/SIG,6,PASS,1.255,3,3,3,2,1,0,0,0.0,34,147,115,0,1,1,1,0
handshake,2026-07-23T16:15:24+0900,0,SIG/SIG,7,PASS,0.755,3,3,3,2,1,0,0,0.0,34,147,115,0,1,1,1,0
handshake,2026-07-23T16:15:24+0900,0,SIG/SIG,8,PASS,0.827,3,3,3,2,1,0,0,0.0,34,147,115,0,1,1,1,0
handshake,2026-07-23T16:15:24+0900,0,SIG/SIG,9,PASS,1.009,3,3,3,2,1,0,0,0.0,34,147,115,0,1,1,1,0
handshake,2026-07-23T16:15:24+0900,0,SIG/SIG,10,PASS,0.909,3,3,3,2,1,0,0,0.0,34,147,115,0,1,1,1,0
handshake,2026-07-23T16:15:24+0900,0,SIG/SIG,11,PASS,0.837,3,3,3,2,1,0,0,0.0,34,147,115,0,1,1,1,0
handshake,2026-07-23T16:15:24+0900,0,SIG/SIG,12,PASS,0.946,3,3,3,2,1,0,0,0.0,34,147,115,0,1,1,1,0
handshake,2026-07-23T16:15:24+0900,0,SIG/SIG,13,PASS,1.297,3,3,3,2,1,0,0,0.0,34,147,115,0,1,1,1,0
handshake,2026-07-23T16:15:24+0900,0,SIG/SIG,14,PASS,1.236,3,3,3,2,1,0,0,0.0,34,147,115,0,1,1,1,0
handshake,2026-07-23T16:15:24+0900,0,SIG/SIG,15,PASS,1.171,3,3,3,2,1,0,0,0.0,34,147,115,0,1,1,1,0
handshake,2026-07-23T16:15:24+0900,0,SIG/SIG,16,PASS,2.372,3,3,3,2,1,0,0,0.0,34,147,115,0,1,1,1,0
handshake,2026-07-23T16:15:24+0900,0,SIG/SIG,17,PASS,0.916,3,3,3,2,1,0,0,0.0,34,147,115,0,1,1,1,0
handshake,2026-07-23T16:15:24+0900,0,SIG/SIG,18,PASS,3.021,3,3,3,2,1,0,0,0.0,34,147,115,0,1,1,1,0
handshake,2026-07-23T16:15:24+0900,0,SIG/SIG,19,PASS,0.966,3,3,3,2,1,0,0,0.0,34,147,115,0,1,1,1,0
handshake,2026-07-23T16:15:24+0900,0,SIG/SIG,20,PASS,0.928,3,3,3,2,1,0,0,0.0,34,147,115,0,1,1,1,0
handshake,2026-07-23T16:15:24+0900,0,SIG/SIG,21,PASS,0.757,3,3,3,2,1,0,0,0.0,34,147,115,0,1,1,1,0
handshake,2026-07-23T16:15:24+0900,0,SIG/SIG,22,PASS,0.877,3,3,3,2,1,0,0,0.0,34,147,115,0,1,1,1,0
handshake,2026-07-23T16:15:24+0900,0,SIG/SIG,23,PASS,0.891,3,3,3,2,1,0,0,0.0,34,147,115,0,1,1,1,0
handshake,2026-07-23T16:15:24+0900,0,SIG/SIG,24,PASS,0.908,3,3,3,2,1,0,0,0.0,34,147,115,0,1,1,1,0
handshake,2026-07-23T16:15:24+0900,0,SIG/SIG,25,PASS,0.779,3,3,3,2,1,0,0,0.0,34,147,115,0,1,1,1,0
handshake,2026-07-23T16:15:24+0900,0,SIG/SIG,26,PASS,0.723,3,3,3,2,1,0,0,0.0,34,147,115,0,1,1,1,0
handshake,2026-07-23T16:15:24+0900,0,SIG/SIG,27,PASS,0.838,3,3,3,2,1,0,0,0.0,34,147,115,0,1,1,1,0
handshake,2026-07-23T16:15:24+0900,0,SIG/SIG,28,PASS,0.805,3,3,3,2,1,0,0,0.0,34,147,115,0,1,1,1,0
handshake,2026-07-23T16:15:24+0900,0,SIG/SIG,29,PASS,0.960,3,3,3,2,1,0,0,0.0,34,147,115,0,1,1,1,0
handshake,2026-07-23T16:15:24+0900,0,SIG/SIG,30,PASS,1.725,3,3,3,2,1,0,0,0.0,34,147,115,0,1,1,1,0
handshake,2026-07-23T16:15:24+0900,0,SIG/SIG,31,PASS,1.004,3,3,3,2,1,0,0,0.0,34,147,115,0,1,1,1,0
handshake,2026-07-23T16:15:24+0900,0,SIG/SIG,32,PASS,2.273,3,3,3,2,1,0,0,0.0,34,147,115,0,1,1,1,0
handshake,2026-07-23T16:15:24+0900,0,SIG/SIG,33,PASS,0.957,3,3,3,2,1,0,0,0.0,34,147,115,0,1,1,1,0
handshake,2026-07-23T16:15:24+0900,0,SIG/SIG,34,PASS,0.916,3,3,3,2,1,0,0,0.0,34,147,115,0,1,1,1,0
handshake,2026-07-23T16:15:24+0900,0,SIG/SIG,35,PASS,0.828,3,3,3,2,1,0,0,0.0,34,147,115,0,1,1,1,0
handshake,2026-07-23T16:15:24+0900,0,SIG/SIG,36,PASS,0.823,3,3,3,2,1,0,0,0.0,34,147,115,0,1,1,1,0
handshake,2026-07-23T16:15:24+0900,0,SIG/SIG,37,PASS,0.756,3,3,3,2,1,0,0,0.0,34,147,115,0,1,1,1,0
handshake,2026-07-23T16:15:24+0900,0,SIG/SIG,38,PASS,0.767,3,3,3,2,1,0,0,0.0,34,147,115,0,1,1,1,0
handshake,2026-07-23T16:15:24+0900,0,SIG/SIG,39,PASS,0.769,3,3,3,2,1,0,0,0.0,34,147,115,0,1,1,1,0
handshake,2026-07-23T16:15:24+0900,0,SIG/SIG,40,PASS,0.925,3,3,3,2,1,0,0,0.0,34,147,115,0,1,1,1,0
handshake,2026-07-23T16:15:25+0900,0,SIG/SIG,41,PASS,0.850,3,3,3,2,1,0,0,0.0,34,147,115,0,1,1,1,0
handshake,2026-07-23T16:15:25+0900,0,SIG/SIG,42,PASS,0.732,3,3,3,2,1,0,0,0.0,34,147,115,0,1,1,1,0
handshake,2026-07-23T16:15:25+0900,0,SIG/SIG,43,PASS,0.958,3,3,3,2,1,0,0,0.0,34,147,115,0,1,1,1,0
handshake,2026-07-23T16:15:25+0900,0,SIG/SIG,44,PASS,1.013,3,3,3,2,1,0,0,0.0,34,147,115,0,1,1,1,0
handshake,2026-07-23T16:15:25+0900,0,SIG/SIG,45,PASS,0.798,3,3,3,2,1,0,0,0.0,34,147,115,0,1,1,1,0
handshake,2026-07-23T16:15:25+0900,0,SIG/SIG,46,PASS,0.751,3,3,3,2,1,0,0,0.0,34,147,115,0,1,1,1,0
handshake,2026-07-23T16:15:25+0900,0,SIG/SIG,47,PASS,0.825,3,3,3,2,1,0,0,0.0,34,147,115,0,1,1,1,0
handshake,2026-07-23T16:15:25+0900,0,SIG/SIG,48,PASS,0.707,3,3,3,2,1,0,0,0.0,34,147,115,0,1,1,1,0
handshake,2026-07-23T16:15:25+0900,0,SIG/SIG,49,PASS,0.959,3,3,3,2,1,0,0,0.0,34,147,115,0,1,1,1,0
handshake,2026-07-23T16:15:25+0900,0,SIG/SIG,50,PASS,0.900,3,3,3,2,1,0,0,0.0,34,147,115,0,1,1,1,0
handshake,2026-07-23T16:15:25+0900,0,SIG/SIG,51,PASS,0.766,3,3,3,2,1,0,0,0.0,34,147,115,0,1,1,1,0
handshake,2026-07-23T16:15:25+0900,0,SIG/SIG,52,PASS,0.858,3,3,3,2,1,0,0,0.0,34,147,115,0,1,1,1,0
handshake,2026-07-23T16:15:25+0900,0,SIG/SIG,53,PASS,0.891,3,3,3,2,1,0,0,0.0,34,147,115,0,1,1,1,0
handshake,2026-07-23T16:15:25+0900,0,SIG/SIG,54,PASS,0.817,3,3,3,2,1,0,0,0.0,34,147,115,0,1,1,1,0
handshake,2026-07-23T16:15:25+0900,0,SIG/SIG,55,PASS,0.928,3,3,3,2,1,0,0,0.0,34,147,115,0,1,1,1,0
handshake,2026-07-23T16:15:25+0900,0,SIG/SIG,56,PASS,1.088,3,3,3,2,1,0,0,0.0,34,147,115,0,1,1,1,0
handshake,2026-07-23T16:15:25+0900,0,SIG/SIG,57,PASS,2.008,3,3,3,2,1,0,0,0.0,34,147,115,0,1,1,1,0
handshake,2026-07-23T16:15:25+0900,0,SIG/SIG,58,PASS,0.972,3,3,3,2,1,0,0,0.0,34,147,115,0,1,1,1,0
handshake,2026-07-23T16:15:25+0900,0,SIG/SIG,59,PASS,0.869,3,3,3,2,1,0,0,0.0,34,147,115,0,1,1,1,0
handshake,2026-07-23T16:15:25+0900,0,SIG/SIG,60,PASS,0.961,3,3,3,2,1,0,0,0.0,34,147,115,0,1,1,1,0
handshake,2026-07-23T16:15:25+0900,0,SIG/SIG,61,PASS,0.769,3,3,3,2,1,0,0,0.0,34,147,115,0,1,1,1,0
handshake,2026-07-23T16:15:25+0900,0,SIG/SIG,62,PASS,1.804,3,3,3,2,1,0,0,0.0,34,147,115,0,1,1,1,0
handshake,2026-07-23T16:15:25+0900,0,SIG/SIG,63,PASS,2.066,3,3,3,2,1,0,0,0.0,34,147,115,0,1,1,1,0
handshake,2026-07-23T16:15:25+0900,0,SIG/SIG,64,PASS,1.053,3,3,3,2,1,0,0,0.0,34,147,115,0,1,1,1,0
handshake,2026-07-23T16:15:25+0900,0,SIG/SIG,65,PASS,0.814,3,3,3,2,1,0,0,0.0,34,147,115,0,1,1,1,0
handshake,2026-07-23T16:15:25+0900,0,SIG/SIG,66,PASS,0.903,3,3,3,2,1,0,0,0.0,34,147,115,0,1,1,1,0
handshake,2026-07-23T16:15:25+0900,0,SIG/SIG,67,PASS,0.750,3,3,3,2,1,0,0,0.0,34,147,115,0,1,1,1,0
handshake,2026-07-23T16:15:25+0900,0,SIG/SIG,68,PASS,1.243,3,3,3,2,1,0,0,0.0,34,147,115,0,1,1,1,0
handshake,2026-07-23T16:15:25+0900,0,SIG/SIG,69,PASS,0.857,3,3,3,2,1,0,0,0.0,34,147,115,0,1,1,1,0
handshake,2026-07-23T16:15:25+0900,0,SIG/SIG,70,PASS,1.989,3,3,3,2,1,0,0,0.0,34,147,115,0,1,1,1,0
handshake,2026-07-23T16:15:25+0900,0,SIG/SIG,71,PASS,1.129,3,3,3,2,1,0,0,0.0,34,147,115,0,1,1,1,0
handshake,2026-07-23T16:15:25+0900,0,SIG/SIG,72,PASS,2.091,3,3,3,2,1,0,0,0.0,34,147,115,0,1,1,1,0
handshake,2026-07-23T16:15:25+0900,0,SIG/SIG,73,PASS,0.924,3,3,3,2,1,0,0,0.0,34,147,115,0,1,1,1,0
handshake,2026-07-23T16:15:25+0900,0,SIG/SIG,74,PASS,0.850,3,3,3,2,1,0,0,0.0,34,147,115,0,1,1,1,0
handshake,2026-07-23T16:15:25+0900,0,SIG/SIG,75,PASS,0.855,3,3,3,2,1,0,0,0.0,34,147,115,0,1,1,1,0
handshake,2026-07-23T16:15:25+0900,0,SIG/SIG,76,PASS,0.921,3,3,3,2,1,0,0,0.0,34,147,115,0,1,1,1,0
handshake,2026-07-23T16:15:25+0900,0,SIG/SIG,77,PASS,0.825,3,3,3,2,1,0,0,0.0,34,147,115,0,1,1,1,0
handshake,2026-07-23T16:15:25+0900,0,SIG/SIG,78,PASS,0.758,3,3,3,2,1,0,0,0.0,34,147,115,0,1,1,1,0
handshake,2026-07-23T16:15:25+0900,0,SIG/SIG,79,PASS,0.964,3,3,3,2,1,0,0,0.0,34,147,115,0,1,1,1,0
handshake,2026-07-23T16:15:25+0900,0,SIG/SIG,80,PASS,1.059,3,3,3,2,1,0,0,0.0,34,147,115,0,1,1,1,0
handshake,2026-07-23T16:15:25+0900,0,SIG/SIG,81,PASS,0.943,3,3,3,2,1,0,0,0.0,34,147,115,0,1,1,1,0
handshake,2026-07-23T16:15:25+0900,0,SIG/SIG,82,PASS,0.787,3,3,3,2,1,0,0,0.0,34,147,115,0,1,1,1,0
handshake,2026-07-23T16:15:25+0900,0,SIG/SIG,83,PASS,1.136,3,3,3,2,1,0,0,0.0,34,147,115,0,1,1,1,0
handshake,2026-07-23T16:15:25+0900,0,SIG/SIG,84,PASS,0.845,3,3,3,2,1,0,0,0.0,34,147,115,0,1,1,1,0
handshake,2026-07-23T16:15:25+0900,0,SIG/SIG,85,PASS,0.739,3,3,3,2,1,0,0,0.0,34,147,115,0,1,1,1,0
handshake,2026-07-23T16:15:25+0900,0,SIG/SIG,86,PASS,0.797,3,3,3,2,1,0,0,0.0,34,147,115,0,1,1,1,0
handshake,2026-07-23T16:15:25+0900,0,SIG/SIG,87,PASS,0.753,3,3,3,2,1,0,0,0.0,34,147,115,0,1,1,1,0
handshake,2026-07-23T16:15:25+0900,0,SIG/SIG,88,PASS,0.672,3,3,3,2,1,0,0,0.0,34,147,115,0,1,1,1,0
handshake,2026-07-23T16:15:25+0900,0,SIG/SIG,89,PASS,0.690,3,3,3,2,1,0,0,0.0,34,147,115,0,1,1,1,0
handshake,2026-07-23T16:15:25+0900,0,SIG/SIG,90,PASS,0.826,3,3,3,2,1,0,0,0.0,34,147,115,0,1,1,1,0
handshake,2026-07-23T16:15:25+0900,0,SIG/SIG,91,PASS,1.006,3,3,3,2,1,0,0,0.0,34,147,115,0,1,1,1,0
handshake,2026-07-23T16:15:25+0900,0,SIG/SIG,92,PASS,0.765,3,3,3,2,1,0,0,0.0,34,147,115,0,1,1,1,0
handshake,2026-07-23T16:15:25+0900,0,SIG/SIG,93,PASS,0.981,3,3,3,2,1,0,0,0.0,34,147,115,0,1,1,1,0
handshake,2026-07-23T16:15:25+0900,0,SIG/SIG,94,PASS,0.698,3,3,3,2,1,0,0,0.0,34,147,115,0,1,1,1,0
handshake,2026-07-23T16:15:25+0900,0,SIG/SIG,95,PASS,0.724,3,3,3,2,1,0,0,0.0,34,147,115,0,1,1,1,0
handshake,2026-07-23T16:15:25+0900,0,SIG/SIG,96,PASS,0.681,3,3,3,2,1,0,0,0.0,34,147,115,0,1,1,1,0
handshake,2026-07-23T16:15:25+0900,0,SIG/SIG,97,PASS,0.695,3,3,3,2,1,0,0,0.0,34,147,115,0,1,1,1,0
handshake,2026-07-23T16:15:25+0900,0,SIG/SIG,98,PASS,0.667,3,3,3,2,1,0,0,0.0,34,147,115,0,1,1,1,0
handshake,2026-07-23T16:15:25+0900,0,SIG/SIG,99,PASS,0.685,3,3,3,2,1,0,0,0.0,34,147,115,0,1,1,1,0
handshake,2026-07-23T16:15:25+0900,0,SIG/SIG,100,PASS,0.831,3,3,3,2,1,0,0,0.0,34,147,115,0,1,1,1,0
handshake,2026-07-23T16:15:25+0900,1,SIG/STAT,1,PASS,1.562,3,3,3,2,1,0,0,0.0,34,91,115,0,1,1,1,0
handshake,2026-07-23T16:15:25+0900,1,SIG/STAT,2,PASS,1.089,3,3,3,2,1,0,0,0.0,34,91,115,0,1,1,1,0
handshake,2026-07-23T16:15:25+0900,1,SIG/STAT,3,PASS,0.787,3,3,3,2,1,0,0,0.0,34,91,115,0,1,1,1,0
handshake,2026-07-23T16:15:25+0900,1,SIG/STAT,4,PASS,0.847,3,3,3,2,1,0,0,0.0,34,91,115,0,1,1,1,0
handshake,2026-07-23T16:15:25+0900,1,SIG/STAT,5,PASS,0.998,3,3,3,2,1,0,0,0.0,34,91,115,0,1,1,1,0
handshake,2026-07-23T16:15:25+0900,1,SIG/STAT,6,PASS,1.337,3,3,3,2,1,0,0,0.0,34,91,115,0,1,1,1,0
handshake,2026-07-23T16:15:25+0900,1,SIG/STAT,7,PASS,0.989,3,3,3,2,1,0,0,0.0,34,91,115,0,1,1,1,0
handshake,2026-07-23T16:15:25+0900,1,SIG/STAT,8,PASS,0.898,3,3,3,2,1,0,0,0.0,34,91,115,0,1,1,1,0
handshake,2026-07-23T16:15:25+0900,1,SIG/STAT,9,PASS,0.906,3,3,3,2,1,0,0,0.0,34,91,115,0,1,1,1,0
handshake,2026-07-23T16:15:25+0900,1,SIG/STAT,10,PASS,1.124,3,3,3,2,1,0,0,0.0,34,91,115,0,1,1,1,0
handshake,2026-07-23T16:15:25+0900,1,SIG/STAT,11,PASS,1.776,3,3,3,2,1,0,0,0.0,34,91,115,0,1,1,1,0
handshake,2026-07-23T16:15:25+0900,1,SIG/STAT,12,PASS,1.566,3,3,3,2,1,0,0,0.0,34,91,115,0,1,1,1,0
handshake,2026-07-23T16:15:25+0900,1,SIG/STAT,13,PASS,0.880,3,3,3,2,1,0,0,0.0,34,91,115,0,1,1,1,0
handshake,2026-07-23T16:15:25+0900,1,SIG/STAT,14,PASS,0.902,3,3,3,2,1,0,0,0.0,34,91,115,0,1,1,1,0
handshake,2026-07-23T16:15:25+0900,1,SIG/STAT,15,PASS,0.903,3,3,3,2,1,0,0,0.0,34,91,115,0,1,1,1,0
handshake,2026-07-23T16:15:25+0900,1,SIG/STAT,16,PASS,2.140,3,3,3,2,1,0,0,0.0,34,91,115,0,1,1,1,0
handshake,2026-07-23T16:15:25+0900,1,SIG/STAT,17,PASS,1.167,3,3,3,2,1,0,0,0.0,34,91,115,0,1,1,1,0
handshake,2026-07-23T16:15:25+0900,1,SIG/STAT,18,PASS,1.278,3,3,3,2,1,0,0,0.0,34,91,115,0,1,1,1,0
handshake,2026-07-23T16:15:25+0900,1,SIG/STAT,19,PASS,1.714,3,3,3,2,1,0,0,0.0,34,91,115,0,1,1,1,0
handshake,2026-07-23T16:15:25+0900,1,SIG/STAT,20,PASS,1.050,3,3,3,2,1,0,0,0.0,34,91,115,0,1,1,1,0
handshake,2026-07-23T16:15:25+0900,1,SIG/STAT,21,PASS,0.830,3,3,3,2,1,0,0,0.0,34,91,115,0,1,1,1,0
handshake,2026-07-23T16:15:25+0900,1,SIG/STAT,22,PASS,0.741,3,3,3,2,1,0,0,0.0,34,91,115,0,1,1,1,0
handshake,2026-07-23T16:15:25+0900,1,SIG/STAT,23,PASS,1.089,3,3,3,2,1,0,0,0.0,34,91,115,0,1,1,1,0
handshake,2026-07-23T16:15:25+0900,1,SIG/STAT,24,PASS,0.819,3,3,3,2,1,0,0,0.0,34,91,115,0,1,1,1,0
handshake,2026-07-23T16:15:25+0900,1,SIG/STAT,25,PASS,0.790,3,3,3,2,1,0,0,0.0,34,91,115,0,1,1,1,0
handshake,2026-07-23T16:15:25+0900,1,SIG/STAT,26,PASS,0.755,3,3,3,2,1,0,0,0.0,34,91,115,0,1,1,1,0
handshake,2026-07-23T16:15:25+0900,1,SIG/STAT,27,PASS,0.962,3,3,3,2,1,0,0,0.0,34,91,115,0,1,1,1,0
handshake,2026-07-23T16:15:25+0900,1,SIG/STAT,28,PASS,0.933,3,3,3,2,1,0,0,0.0,34,91,115,0,1,1,1,0
handshake,2026-07-23T16:15:25+0900,1,SIG/STAT,29,PASS,0.900,3,3,3,2,1,0,0,0.0,34,91,115,0,1,1,1,0
handshake,2026-07-23T16:15:25+0900,1,SIG/STAT,30,PASS,0.831,3,3,3,2,1,0,0,0.0,34,91,115,0,1,1,1,0
handshake,2026-07-23T16:15:25+0900,1,SIG/STAT,31,PASS,0.709,3,3,3,2,1,0,0,0.0,34,91,115,0,1,1,1,0
handshake,2026-07-23T16:15:25+0900,1,SIG/STAT,32,PASS,0.946,3,3,3,2,1,0,0,0.0,34,91,115,0,1,1,1,0
handshake,2026-07-23T16:15:25+0900,1,SIG/STAT,33,PASS,0.888,3,3,3,2,1,0,0,0.0,34,91,115,0,1,1,1,0
handshake,2026-07-23T16:15:25+0900,1,SIG/STAT,34,PASS,0.747,3,3,3,2,1,0,0,0.0,34,91,115,0,1,1,1,0
handshake,2026-07-23T16:15:25+0900,1,SIG/STAT,35,PASS,0.681,3,3,3,2,1,0,0,0.0,34,91,115,0,1,1,1,0
handshake,2026-07-23T16:15:25+0900,1,SIG/STAT,36,PASS,0.902,3,3,3,2,1,0,0,0.0,34,91,115,0,1,1,1,0
handshake,2026-07-23T16:15:25+0900,1,SIG/STAT,37,PASS,0.749,3,3,3,2,1,0,0,0.0,34,91,115,0,1,1,1,0
handshake,2026-07-23T16:15:25+0900,1,SIG/STAT,38,PASS,0.909,3,3,3,2,1,0,0,0.0,34,91,115,0,1,1,1,0
handshake,2026-07-23T16:15:25+0900,1,SIG/STAT,39,PASS,0.849,3,3,3,2,1,0,0,0.0,34,91,115,0,1,1,1,0
handshake,2026-07-23T16:15:25+0900,1,SIG/STAT,40,PASS,0.754,3,3,3,2,1,0,0,0.0,34,91,115,0,1,1,1,0
handshake,2026-07-23T16:15:25+0900,1,SIG/STAT,41,PASS,0.794,3,3,3,2,1,0,0,0.0,34,91,115,0,1,1,1,0
handshake,2026-07-23T16:15:25+0900,1,SIG/STAT,42,PASS,0.900,3,3,3,2,1,0,0,0.0,34,91,115,0,1,1,1,0
handshake,2026-07-23T16:15:25+0900,1,SIG/STAT,43,PASS,0.814,3,3,3,2,1,0,0,0.0,34,91,115,0,1,1,1,0
handshake,2026-07-23T16:15:25+0900,1,SIG/STAT,44,PASS,0.864,3,3,3,2,1,0,0,0.0,34,91,115,0,1,1,1,0
handshake,2026-07-23T16:15:25+0900,1,SIG/STAT,45,PASS,0.795,3,3,3,2,1,0,0,0.0,34,91,115,0,1,1,1,0
handshake,2026-07-23T16:15:25+0900,1,SIG/STAT,46,PASS,0.997,3,3,3,2,1,0,0,0.0,34,91,115,0,1,1,1,0
handshake,2026-07-23T16:15:25+0900,1,SIG/STAT,47,PASS,0.892,3,3,3,2,1,0,0,0.0,34,91,115,0,1,1,1,0
handshake,2026-07-23T16:15:25+0900,1,SIG/STAT,48,PASS,0.913,3,3,3,2,1,0,0,0.0,34,91,115,0,1,1,1,0
handshake,2026-07-23T16:15:25+0900,1,SIG/STAT,49,PASS,1.630,3,3,3,2,1,0,0,0.0,34,91,115,0,1,1,1,0
handshake,2026-07-23T16:15:25+0900,1,SIG/STAT,50,PASS,0.910,3,3,3,2,1,0,0,0.0,34,91,115,0,1,1,1,0
handshake,2026-07-23T16:15:25+0900,1,SIG/STAT,51,PASS,0.989,3,3,3,2,1,0,0,0.0,34,91,115,0,1,1,1,0
handshake,2026-07-23T16:15:25+0900,1,SIG/STAT,52,PASS,1.363,3,3,3,2,1,0,0,0.0,34,91,115,0,1,1,1,0
handshake,2026-07-23T16:15:25+0900,1,SIG/STAT,53,PASS,1.241,3,3,3,2,1,0,0,0.0,34,91,115,0,1,1,1,0
handshake,2026-07-23T16:15:25+0900,1,SIG/STAT,54,PASS,1.312,3,3,3,2,1,0,0,0.0,34,91,115,0,1,1,1,0
handshake,2026-07-23T16:15:25+0900,1,SIG/STAT,55,PASS,1.184,3,3,3,2,1,0,0,0.0,34,91,115,0,1,1,1,0
handshake,2026-07-23T16:15:25+0900,1,SIG/STAT,56,PASS,1.146,3,3,3,2,1,0,0,0.0,34,91,115,0,1,1,1,0
handshake,2026-07-23T16:15:25+0900,1,SIG/STAT,57,PASS,0.881,3,3,3,2,1,0,0,0.0,34,91,115,0,1,1,1,0
handshake,2026-07-23T16:15:25+0900,1,SIG/STAT,58,PASS,0.951,3,3,3,2,1,0,0,0.0,34,91,115,0,1,1,1,0
handshake,2026-07-23T16:15:25+0900,1,SIG/STAT,59,PASS,0.902,3,3,3,2,1,0,0,0.0,34,91,115,0,1,1,1,0
handshake,2026-07-23T16:15:25+0900,1,SIG/STAT,60,PASS,0.736,3,3,3,2,1,0,0,0.0,34,91,115,0,1,1,1,0
handshake,2026-07-23T16:15:25+0900,1,SIG/STAT,61,PASS,1.074,3,3,3,2,1,0,0,0.0,34,91,115,0,1,1,1,0
handshake,2026-07-23T16:15:25+0900,1,SIG/STAT,62,PASS,0.888,3,3,3,2,1,0,0,0.0,34,91,115,0,1,1,1,0
handshake,2026-07-23T16:15:25+0900,1,SIG/STAT,63,PASS,1.465,3,3,3,2,1,0,0,0.0,34,91,115,0,1,1,1,0
handshake,2026-07-23T16:15:25+0900,1,SIG/STAT,64,PASS,1.448,3,3,3,2,1,0,0,0.0,34,91,115,0,1,1,1,0
handshake,2026-07-23T16:15:25+0900,1,SIG/STAT,65,PASS,1.869,3,3,3,2,1,0,0,0.0,34,91,115,0,1,1,1,0
handshake,2026-07-23T16:15:25+0900,1,SIG/STAT,66,PASS,1.167,3,3,3,2,1,0,0,0.0,34,91,115,0,1,1,1,0
handshake,2026-07-23T16:15:25+0900,1,SIG/STAT,67,PASS,1.036,3,3,3,2,1,0,0,0.0,34,91,115,0,1,1,1,0
handshake,2026-07-23T16:15:25+0900,1,SIG/STAT,68,PASS,0.880,3,3,3,2,1,0,0,0.0,34,91,115,0,1,1,1,0
handshake,2026-07-23T16:15:25+0900,1,SIG/STAT,69,PASS,0.839,3,3,3,2,1,0,0,0.0,34,91,115,0,1,1,1,0
handshake,2026-07-23T16:15:25+0900,1,SIG/STAT,70,PASS,0.715,3,3,3,2,1,0,0,0.0,34,91,115,0,1,1,1,0
handshake,2026-07-23T16:15:25+0900,1,SIG/STAT,71,PASS,0.700,3,3,3,2,1,0,0,0.0,34,91,115,0,1,1,1,0
handshake,2026-07-23T16:15:25+0900,1,SIG/STAT,72,PASS,0.716,3,3,3,2,1,0,0,0.0,34,91,115,0,1,1,1,0
handshake,2026-07-23T16:15:25+0900,1,SIG/STAT,73,PASS,0.691,3,3,3,2,1,0,0,0.0,34,91,115,0,1,1,1,0
handshake,2026-07-23T16:15:25+0900,1,SIG/STAT,74,PASS,0.779,3,3,3,2,1,0,0,0.0,34,91,115,0,1,1,1,0
handshake,2026-07-23T16:15:25+0900,1,SIG/STAT,75,PASS,0.807,3,3,3,2,1,0,0,0.0,34,91,115,0,1,1,1,0
handshake,2026-07-23T16:15:25+0900,1,SIG/STAT,76,PASS,0.800,3,3,3,2,1,0,0,0.0,34,91,115,0,1,1,1,0
handshake,2026-07-23T16:15:25+0900,1,SIG/STAT,77,PASS,0.743,3,3,3,2,1,0,0,0.0,34,91,115,0,1,1,1,0
handshake,2026-07-23T16:15:25+0900,1,SIG/STAT,78,PASS,1.093,3,3,3,2,1,0,0,0.0,34,91,115,0,1,1,1,0
handshake,2026-07-23T16:15:25+0900,1,SIG/STAT,79,PASS,0.912,3,3,3,2,1,0,0,0.0,34,91,115,0,1,1,1,0
handshake,2026-07-23T16:15:25+0900,1,SIG/STAT,80,PASS,0.830,3,3,3,2,1,0,0,0.0,34,91,115,0,1,1,1,0
handshake,2026-07-23T16:15:25+0900,1,SIG/STAT,81,PASS,0.843,3,3,3,2,1,0,0,0.0,34,91,115,0,1,1,1,0
handshake,2026-07-23T16:15:25+0900,1,SIG/STAT,82,PASS,0.728,3,3,3,2,1,0,0,0.0,34,91,115,0,1,1,1,0
handshake,2026-07-23T16:15:25+0900,1,SIG/STAT,83,PASS,0.842,3,3,3,2,1,0,0,0.0,34,91,115,0,1,1,1,0
handshake,2026-07-23T16:15:25+0900,1,SIG/STAT,84,PASS,0.869,3,3,3,2,1,0,0,0.0,34,91,115,0,1,1,1,0
handshake,2026-07-23T16:15:25+0900,1,SIG/STAT,85,PASS,0.709,3,3,3,2,1,0,0,0.0,34,91,115,0,1,1,1,0
handshake,2026-07-23T16:15:25+0900,1,SIG/STAT,86,PASS,0.988,3,3,3,2,1,0,0,0.0,34,91,115,0,1,1,1,0
handshake,2026-07-23T16:15:25+0900,1,SIG/STAT,87,PASS,0.999,3,3,3,2,1,0,0,0.0,34,91,115,0,1,1,1,0
handshake,2026-07-23T16:15:25+0900,1,SIG/STAT,88,PASS,0.707,3,3,3,2,1,0,0,0.0,34,91,115,0,1,1,1,0
handshake,2026-07-23T16:15:25+0900,1,SIG/STAT,89,PASS,0.693,3,3,3,2,1,0,0,0.0,34,91,115,0,1,1,1,0
handshake,2026-07-23T16:15:25+0900,1,SIG/STAT,90,PASS,0.678,3,3,3,2,1,0,0,0.0,34,91,115,0,1,1,1,0
handshake,2026-07-23T16:15:25+0900,1,SIG/STAT,91,PASS,0.885,3,3,3,2,1,0,0,0.0,34,91,115,0,1,1,1,0
handshake,2026-07-23T16:15:25+0900,1,SIG/STAT,92,PASS,1.085,3,3,3,2,1,0,0,0.0,34,91,115,0,1,1,1,0
handshake,2026-07-23T16:15:25+0900,1,SIG/STAT,93,PASS,0.977,3,3,3,2,1,0,0,0.0,34,91,115,0,1,1,1,0
handshake,2026-07-23T16:15:25+0900,1,SIG/STAT,94,PASS,0.883,3,3,3,2,1,0,0,0.0,34,91,115,0,1,1,1,0
handshake,2026-07-23T16:15:25+0900,1,SIG/STAT,95,PASS,0.747,3,3,3,2,1,0,0,0.0,34,91,115,0,1,1,1,0
handshake,2026-07-23T16:15:25+0900,1,SIG/STAT,96,PASS,0.696,3,3,3,2,1,0,0,0.0,34,91,115,0,1,1,1,0
handshake,2026-07-23T16:15:25+0900,1,SIG/STAT,97,PASS,0.692,3,3,3,2,1,0,0,0.0,34,91,115,0,1,1,1,0
handshake,2026-07-23T16:15:25+0900,1,SIG/STAT,98,PASS,0.682,3,3,3,2,1,0,0,0.0,34,91,115,0,1,1,1,0
handshake,2026-07-23T16:15:25+0900,1,SIG/STAT,99,PASS,0.687,3,3,3,2,1,0,0,0.0,34,91,115,0,1,1,1,0
handshake,2026-07-23T16:15:25+0900,1,SIG/STAT,100,PASS,1.247,3,3,3,2,1,0,0,0.0,34,91,115,0,1,1,1,0
handshake,2026-07-23T16:15:25+0900,2,STAT/SIG,1,PASS,1.781,3,3,3,2,1,0,0,0.0,34,147,59,0,1,1,1,0
handshake,2026-07-23T16:15:25+0900,2,STAT/SIG,2,PASS,1.752,3,3,3,2,1,0,0,0.0,34,147,59,0,1,1,1,0
handshake,2026-07-23T16:15:25+0900,2,STAT/SIG,3,PASS,0.808,3,3,3,2,1,0,0,0.0,34,147,59,0,1,1,1,0
handshake,2026-07-23T16:15:25+0900,2,STAT/SIG,4,PASS,0.934,3,3,3,2,1,0,0,0.0,34,147,59,0,1,1,1,0
handshake,2026-07-23T16:15:25+0900,2,STAT/SIG,5,PASS,0.919,3,3,3,2,1,0,0,0.0,34,147,59,0,1,1,1,0
handshake,2026-07-23T16:15:25+0900,2,STAT/SIG,6,PASS,0.887,3,3,3,2,1,0,0,0.0,34,147,59,0,1,1,1,0
handshake,2026-07-23T16:15:25+0900,2,STAT/SIG,7,PASS,0.837,3,3,3,2,1,0,0,0.0,34,147,59,0,1,1,1,0
handshake,2026-07-23T16:15:25+0900,2,STAT/SIG,8,PASS,0.751,3,3,3,2,1,0,0,0.0,34,147,59,0,1,1,1,0
handshake,2026-07-23T16:15:25+0900,2,STAT/SIG,9,PASS,0.812,3,3,3,2,1,0,0,0.0,34,147,59,0,1,1,1,0
handshake,2026-07-23T16:15:25+0900,2,STAT/SIG,10,PASS,0.799,3,3,3,2,1,0,0,0.0,34,147,59,0,1,1,1,0
handshake,2026-07-23T16:15:25+0900,2,STAT/SIG,11,PASS,1.047,3,3,3,2,1,0,0,0.0,34,147,59,0,1,1,1,0
handshake,2026-07-23T16:15:25+0900,2,STAT/SIG,12,PASS,0.793,3,3,3,2,1,0,0,0.0,34,147,59,0,1,1,1,0
handshake,2026-07-23T16:15:25+0900,2,STAT/SIG,13,PASS,0.723,3,3,3,2,1,0,0,0.0,34,147,59,0,1,1,1,0
handshake,2026-07-23T16:15:25+0900,2,STAT/SIG,14,PASS,0.750,3,3,3,2,1,0,0,0.0,34,147,59,0,1,1,1,0
handshake,2026-07-23T16:15:25+0900,2,STAT/SIG,15,PASS,0.853,3,3,3,2,1,0,0,0.0,34,147,59,0,1,1,1,0
handshake,2026-07-23T16:15:25+0900,2,STAT/SIG,16,PASS,0.878,3,3,3,2,1,0,0,0.0,34,147,59,0,1,1,1,0
handshake,2026-07-23T16:15:25+0900,2,STAT/SIG,17,PASS,0.799,3,3,3,2,1,0,0,0.0,34,147,59,0,1,1,1,0
handshake,2026-07-23T16:15:25+0900,2,STAT/SIG,18,PASS,0.780,3,3,3,2,1,0,0,0.0,34,147,59,0,1,1,1,0
handshake,2026-07-23T16:15:25+0900,2,STAT/SIG,19,PASS,2.558,3,3,3,2,1,0,0,0.0,34,147,59,0,1,1,1,0
handshake,2026-07-23T16:15:25+0900,2,STAT/SIG,20,PASS,0.937,3,3,3,2,1,0,0,0.0,34,147,59,0,1,1,1,0
handshake,2026-07-23T16:15:25+0900,2,STAT/SIG,21,PASS,0.870,3,3,3,2,1,0,0,0.0,34,147,59,0,1,1,1,0
handshake,2026-07-23T16:15:25+0900,2,STAT/SIG,22,PASS,0.918,3,3,3,2,1,0,0,0.0,34,147,59,0,1,1,1,0
handshake,2026-07-23T16:15:25+0900,2,STAT/SIG,23,PASS,0.767,3,3,3,2,1,0,0,0.0,34,147,59,0,1,1,1,0
handshake,2026-07-23T16:15:25+0900,2,STAT/SIG,24,PASS,0.875,3,3,3,2,1,0,0,0.0,34,147,59,0,1,1,1,0
handshake,2026-07-23T16:15:25+0900,2,STAT/SIG,25,PASS,0.800,3,3,3,2,1,0,0,0.0,34,147,59,0,1,1,1,0
handshake,2026-07-23T16:15:25+0900,2,STAT/SIG,26,PASS,0.704,3,3,3,2,1,0,0,0.0,34,147,59,0,1,1,1,0
handshake,2026-07-23T16:15:25+0900,2,STAT/SIG,27,PASS,1.092,3,3,3,2,1,0,0,0.0,34,147,59,0,1,1,1,0
handshake,2026-07-23T16:15:25+0900,2,STAT/SIG,28,PASS,0.868,3,3,3,2,1,0,0,0.0,34,147,59,0,1,1,1,0
handshake,2026-07-23T16:15:25+0900,2,STAT/SIG,29,PASS,0.908,3,3,3,2,1,0,0,0.0,34,147,59,0,1,1,1,0
handshake,2026-07-23T16:15:25+0900,2,STAT/SIG,30,PASS,0.794,3,3,3,2,1,0,0,0.0,34,147,59,0,1,1,1,0
handshake,2026-07-23T16:15:25+0900,2,STAT/SIG,31,PASS,0.762,3,3,3,2,1,0,0,0.0,34,147,59,0,1,1,1,0
handshake,2026-07-23T16:15:25+0900,2,STAT/SIG,32,PASS,0.730,3,3,3,2,1,0,0,0.0,34,147,59,0,1,1,1,0
handshake,2026-07-23T16:15:25+0900,2,STAT/SIG,33,PASS,0.921,3,3,3,2,1,0,0,0.0,34,147,59,0,1,1,1,0
handshake,2026-07-23T16:15:25+0900,2,STAT/SIG,34,PASS,0.800,3,3,3,2,1,0,0,0.0,34,147,59,0,1,1,1,0
handshake,2026-07-23T16:15:25+0900,2,STAT/SIG,35,PASS,0.935,3,3,3,2,1,0,0,0.0,34,147,59,0,1,1,1,0
handshake,2026-07-23T16:15:25+0900,2,STAT/SIG,36,PASS,0.771,3,3,3,2,1,0,0,0.0,34,147,59,0,1,1,1,0
handshake,2026-07-23T16:15:25+0900,2,STAT/SIG,37,PASS,0.865,3,3,3,2,1,0,0,0.0,34,147,59,0,1,1,1,0
handshake,2026-07-23T16:15:25+0900,2,STAT/SIG,38,PASS,0.818,3,3,3,2,1,0,0,0.0,34,147,59,0,1,1,1,0
handshake,2026-07-23T16:15:25+0900,2,STAT/SIG,39,PASS,1.108,3,3,3,2,1,0,0,0.0,34,147,59,0,1,1,1,0
handshake,2026-07-23T16:15:25+0900,2,STAT/SIG,40,PASS,0.849,3,3,3,2,1,0,0,0.0,34,147,59,0,1,1,1,0
handshake,2026-07-23T16:15:25+0900,2,STAT/SIG,41,PASS,0.929,3,3,3,2,1,0,0,0.0,34,147,59,0,1,1,1,0
handshake,2026-07-23T16:15:25+0900,2,STAT/SIG,42,PASS,1.007,3,3,3,2,1,0,0,0.0,34,147,59,0,1,1,1,0
handshake,2026-07-23T16:15:25+0900,2,STAT/SIG,43,PASS,0.837,3,3,3,2,1,0,0,0.0,34,147,59,0,1,1,1,0
handshake,2026-07-23T16:15:25+0900,2,STAT/SIG,44,PASS,0.954,3,3,3,2,1,0,0,0.0,34,147,59,0,1,1,1,0
handshake,2026-07-23T16:15:25+0900,2,STAT/SIG,45,PASS,0.809,3,3,3,2,1,0,0,0.0,34,147,59,0,1,1,1,0
handshake,2026-07-23T16:15:25+0900,2,STAT/SIG,46,PASS,0.831,3,3,3,2,1,0,0,0.0,34,147,59,0,1,1,1,0
handshake,2026-07-23T16:15:25+0900,2,STAT/SIG,47,PASS,2.980,3,3,3,2,1,0,0,0.0,34,147,59,0,1,1,1,0
handshake,2026-07-23T16:15:25+0900,2,STAT/SIG,48,PASS,1.102,3,3,3,2,1,0,0,0.0,34,147,59,0,1,1,1,0
handshake,2026-07-23T16:15:25+0900,2,STAT/SIG,49,PASS,0.788,3,3,3,2,1,0,0,0.0,34,147,59,0,1,1,1,0
handshake,2026-07-23T16:15:25+0900,2,STAT/SIG,50,PASS,1.042,3,3,3,2,1,0,0,0.0,34,147,59,0,1,1,1,0
handshake,2026-07-23T16:15:25+0900,2,STAT/SIG,51,PASS,1.004,3,3,3,2,1,0,0,0.0,34,147,59,0,1,1,1,0
handshake,2026-07-23T16:15:25+0900,2,STAT/SIG,52,PASS,0.828,3,3,3,2,1,0,0,0.0,34,147,59,0,1,1,1,0
handshake,2026-07-23T16:15:25+0900,2,STAT/SIG,53,PASS,0.956,3,3,3,2,1,0,0,0.0,34,147,59,0,1,1,1,0
handshake,2026-07-23T16:15:25+0900,2,STAT/SIG,54,PASS,2.676,3,3,3,2,1,0,0,0.0,34,147,59,0,1,1,1,0
handshake,2026-07-23T16:15:25+0900,2,STAT/SIG,55,PASS,0.788,3,3,3,2,1,0,0,0.0,34,147,59,0,1,1,1,0
handshake,2026-07-23T16:15:25+0900,2,STAT/SIG,56,PASS,0.953,3,3,3,2,1,0,0,0.0,34,147,59,0,1,1,1,0
handshake,2026-07-23T16:15:25+0900,2,STAT/SIG,57,PASS,0.925,3,3,3,2,1,0,0,0.0,34,147,59,0,1,1,1,0
handshake,2026-07-23T16:15:25+0900,2,STAT/SIG,58,PASS,0.801,3,3,3,2,1,0,0,0.0,34,147,59,0,1,1,1,0
handshake,2026-07-23T16:15:25+0900,2,STAT/SIG,59,PASS,0.882,3,3,3,2,1,0,0,0.0,34,147,59,0,1,1,1,0
handshake,2026-07-23T16:15:25+0900,2,STAT/SIG,60,PASS,1.373,3,3,3,2,1,0,0,0.0,34,147,59,0,1,1,1,0
handshake,2026-07-23T16:15:25+0900,2,STAT/SIG,61,PASS,0.774,3,3,3,2,1,0,0,0.0,34,147,59,0,1,1,1,0
handshake,2026-07-23T16:15:25+0900,2,STAT/SIG,62,PASS,0.766,3,3,3,2,1,0,0,0.0,34,147,59,0,1,1,1,0
handshake,2026-07-23T16:15:25+0900,2,STAT/SIG,63,PASS,0.758,3,3,3,2,1,0,0,0.0,34,147,59,0,1,1,1,0
handshake,2026-07-23T16:15:25+0900,2,STAT/SIG,64,PASS,0.836,3,3,3,2,1,0,0,0.0,34,147,59,0,1,1,1,0
handshake,2026-07-23T16:15:25+0900,2,STAT/SIG,65,PASS,0.697,3,3,3,2,1,0,0,0.0,34,147,59,0,1,1,1,0
handshake,2026-07-23T16:15:25+0900,2,STAT/SIG,66,PASS,0.867,3,3,3,2,1,0,0,0.0,34,147,59,0,1,1,1,0
handshake,2026-07-23T16:15:25+0900,2,STAT/SIG,67,PASS,1.350,3,3,3,2,1,0,0,0.0,34,147,59,0,1,1,1,0
handshake,2026-07-23T16:15:25+0900,2,STAT/SIG,68,PASS,0.992,3,3,3,2,1,0,0,0.0,34,147,59,0,1,1,1,0
handshake,2026-07-23T16:15:25+0900,2,STAT/SIG,69,PASS,1.027,3,3,3,2,1,0,0,0.0,34,147,59,0,1,1,1,0
handshake,2026-07-23T16:15:25+0900,2,STAT/SIG,70,PASS,0.842,3,3,3,2,1,0,0,0.0,34,147,59,0,1,1,1,0
handshake,2026-07-23T16:15:25+0900,2,STAT/SIG,71,PASS,0.772,3,3,3,2,1,0,0,0.0,34,147,59,0,1,1,1,0
handshake,2026-07-23T16:15:25+0900,2,STAT/SIG,72,PASS,0.793,3,3,3,2,1,0,0,0.0,34,147,59,0,1,1,1,0
handshake,2026-07-23T16:15:25+0900,2,STAT/SIG,73,PASS,0.865,3,3,3,2,1,0,0,0.0,34,147,59,0,1,1,1,0
handshake,2026-07-23T16:15:25+0900,2,STAT/SIG,74,PASS,0.829,3,3,3,2,1,0,0,0.0,34,147,59,0,1,1,1,0
handshake,2026-07-23T16:15:25+0900,2,STAT/SIG,75,PASS,0.971,3,3,3,2,1,0,0,0.0,34,147,59,0,1,1,1,0
handshake,2026-07-23T16:15:25+0900,2,STAT/SIG,76,PASS,0.711,3,3,3,2,1,0,0,0.0,34,147,59,0,1,1,1,0
handshake,2026-07-23T16:15:25+0900,2,STAT/SIG,77,PASS,0.686,3,3,3,2,1,0,0,0.0,34,147,59,0,1,1,1,0
handshake,2026-07-23T16:15:25+0900,2,STAT/SIG,78,PASS,0.684,3,3,3,2,1,0,0,0.0,34,147,59,0,1,1,1,0
handshake,2026-07-23T16:15:25+0900,2,STAT/SIG,79,PASS,1.000,3,3,3,2,1,0,0,0.0,34,147,59,0,1,1,1,0
handshake,2026-07-23T16:15:25+0900,2,STAT/SIG,80,PASS,1.085,3,3,3,2,1,0,0,0.0,34,147,59,0,1,1,1,0
handshake,2026-07-23T16:15:25+0900,2,STAT/SIG,81,PASS,0.874,3,3,3,2,1,0,0,0.0,34,147,59,0,1,1,1,0
handshake,2026-07-23T16:15:25+0900,2,STAT/SIG,82,PASS,0.695,3,3,3,2,1,0,0,0.0,34,147,59,0,1,1,1,0
handshake,2026-07-23T16:15:25+0900,2,STAT/SIG,83,PASS,0.693,3,3,3,2,1,0,0,0.0,34,147,59,0,1,1,1,0
handshake,2026-07-23T16:15:25+0900,2,STAT/SIG,84,PASS,0.908,3,3,3,2,1,0,0,0.0,34,147,59,0,1,1,1,0
handshake,2026-07-23T16:15:25+0900,2,STAT/SIG,85,PASS,0.890,3,3,3,2,1,0,0,0.0,34,147,59,0,1,1,1,0
handshake,2026-07-23T16:15:25+0900,2,STAT/SIG,86,PASS,0.845,3,3,3,2,1,0,0,0.0,34,147,59,0,1,1,1,0
handshake,2026-07-23T16:15:25+0900,2,STAT/SIG,87,PASS,0.781,3,3,3,2,1,0,0,0.0,34,147,59,0,1,1,1,0
handshake,2026-07-23T16:15:25+0900,2,STAT/SIG,88,PASS,0.693,3,3,3,2,1,0,0,0.0,34,147,59,0,1,1,1,0
handshake,2026-07-23T16:15:25+0900,2,STAT/SIG,89,PASS,0.675,3,3,3,2,1,0,0,0.0,34,147,59,0,1,1,1,0
handshake,2026-07-23T16:15:25+0900,2,STAT/SIG,90,PASS,0.744,3,3,3,2,1,0,0,0.0,34,147,59,0,1,1,1,0
handshake,2026-07-23T16:15:25+0900,2,STAT/SIG,91,PASS,1.005,3,3,3,2,1,0,0,0.0,34,147,59,0,1,1,1,0
handshake,2026-07-23T16:15:25+0900,2,STAT/SIG,92,PASS,1.057,3,3,3,2,1,0,0,0.0,34,147,59,0,1,1,1,0
handshake,2026-07-23T16:15:25+0900,2,STAT/SIG,93,PASS,3.676,3,3,3,2,1,0,0,0.0,34,147,59,0,1,1,1,0
handshake,2026-07-23T16:15:25+0900,2,STAT/SIG,94,PASS,0.888,3,3,3,2,1,0,0,0.0,34,147,59,0,1,1,1,0
handshake,2026-07-23T16:15:25+0900,2,STAT/SIG,95,PASS,0.754,3,3,3,2,1,0,0,0.0,34,147,59,0,1,1,1,0
handshake,2026-07-23T16:15:25+0900,2,STAT/SIG,96,PASS,0.890,3,3,3,2,1,0,0,0.0,34,147,59,0,1,1,1,0
handshake,2026-07-23T16:15:25+0900,2,STAT/SIG,97,PASS,0.735,3,3,3,2,1,0,0,0.0,34,147,59,0,1,1,1,0
handshake,2026-07-23T16:15:25+0900,2,STAT/SIG,98,PASS,0.692,3,3,3,2,1,0,0,0.0,34,147,59,0,1,1,1,0
handshake,2026-07-23T16:15:25+0900,2,STAT/SIG,99,PASS,0.700,3,3,3,2,1,0,0,0.0,34,147,59,0,1,1,1,0
handshake,2026-07-23T16:15:25+0900,2,STAT/SIG,100,PASS,0.775,3,3,3,2,1,0,0,0.0,34,147,59,0,1,1,1,0
handshake,2026-07-23T16:15:25+0900,3,STAT/STAT,1,PASS,1.612,3,3,3,2,1,0,0,0.0,34,91,59,0,1,1,1,0
handshake,2026-07-23T16:15:25+0900,3,STAT/STAT,2,PASS,1.097,3,3,3,2,1,0,0,0.0,34,91,59,0,1,1,1,0
handshake,2026-07-23T16:15:25+0900,3,STAT/STAT,3,PASS,0.935,3,3,3,2,1,0,0,0.0,34,91,59,0,1,1,1,0
handshake,2026-07-23T16:15:25+0900,3,STAT/STAT,4,PASS,0.869,3,3,3,2,1,0,0,0.0,34,91,59,0,1,1,1,0
handshake,2026-07-23T16:15:25+0900,3,STAT/STAT,5,PASS,3.061,3,3,3,2,1,0,0,0.0,34,91,59,0,1,1,1,0
handshake,2026-07-23T16:15:25+0900,3,STAT/STAT,6,PASS,0.839,3,3,3,2,1,0,0,0.0,34,91,59,0,1,1,1,0
handshake,2026-07-23T16:15:25+0900,3,STAT/STAT,7,PASS,0.871,3,3,3,2,1,0,0,0.0,34,91,59,0,1,1,1,0
handshake,2026-07-23T16:15:25+0900,3,STAT/STAT,8,PASS,0.966,3,3,3,2,1,0,0,0.0,34,91,59,0,1,1,1,0
handshake,2026-07-23T16:15:25+0900,3,STAT/STAT,9,PASS,0.826,3,3,3,2,1,0,0,0.0,34,91,59,0,1,1,1,0
handshake,2026-07-23T16:15:25+0900,3,STAT/STAT,10,PASS,0.744,3,3,3,2,1,0,0,0.0,34,91,59,0,1,1,1,0
handshake,2026-07-23T16:15:25+0900,3,STAT/STAT,11,PASS,0.844,3,3,3,2,1,0,0,0.0,34,91,59,0,1,1,1,0
handshake,2026-07-23T16:15:25+0900,3,STAT/STAT,12,PASS,0.866,3,3,3,2,1,0,0,0.0,34,91,59,0,1,1,1,0
handshake,2026-07-23T16:15:25+0900,3,STAT/STAT,13,PASS,0.689,3,3,3,2,1,0,0,0.0,34,91,59,0,1,1,1,0
handshake,2026-07-23T16:15:25+0900,3,STAT/STAT,14,PASS,1.286,3,3,3,2,1,0,0,0.0,34,91,59,0,1,1,1,0
handshake,2026-07-23T16:15:25+0900,3,STAT/STAT,15,PASS,1.523,3,3,3,2,1,0,0,0.0,34,91,59,0,1,1,1,0
handshake,2026-07-23T16:15:25+0900,3,STAT/STAT,16,PASS,1.163,3,3,3,2,1,0,0,0.0,34,91,59,0,1,1,1,0
handshake,2026-07-23T16:15:25+0900,3,STAT/STAT,17,PASS,1.010,3,3,3,2,1,0,0,0.0,34,91,59,0,1,1,1,0
handshake,2026-07-23T16:15:25+0900,3,STAT/STAT,18,PASS,0.876,3,3,3,2,1,0,0,0.0,34,91,59,0,1,1,1,0
handshake,2026-07-23T16:15:25+0900,3,STAT/STAT,19,PASS,0.844,3,3,3,2,1,0,0,0.0,34,91,59,0,1,1,1,0
handshake,2026-07-23T16:15:25+0900,3,STAT/STAT,20,PASS,0.927,3,3,3,2,1,0,0,0.0,34,91,59,0,1,1,1,0
handshake,2026-07-23T16:15:25+0900,3,STAT/STAT,21,PASS,0.748,3,3,3,2,1,0,0,0.0,34,91,59,0,1,1,1,0
handshake,2026-07-23T16:15:25+0900,3,STAT/STAT,22,PASS,0.858,3,3,3,2,1,0,0,0.0,34,91,59,0,1,1,1,0
handshake,2026-07-23T16:15:25+0900,3,STAT/STAT,23,PASS,1.023,3,3,3,2,1,0,0,0.0,34,91,59,0,1,1,1,0
handshake,2026-07-23T16:15:25+0900,3,STAT/STAT,24,PASS,0.713,3,3,3,2,1,0,0,0.0,34,91,59,0,1,1,1,0
handshake,2026-07-23T16:15:25+0900,3,STAT/STAT,25,PASS,1.097,3,3,3,2,1,0,0,0.0,34,91,59,0,1,1,1,0
handshake,2026-07-23T16:15:25+0900,3,STAT/STAT,26,PASS,0.906,3,3,3,2,1,0,0,0.0,34,91,59,0,1,1,1,0
handshake,2026-07-23T16:15:25+0900,3,STAT/STAT,27,PASS,0.900,3,3,3,2,1,0,0,0.0,34,91,59,0,1,1,1,0
handshake,2026-07-23T16:15:25+0900,3,STAT/STAT,28,PASS,0.812,3,3,3,2,1,0,0,0.0,34,91,59,0,1,1,1,0
handshake,2026-07-23T16:15:25+0900,3,STAT/STAT,29,PASS,0.936,3,3,3,2,1,0,0,0.0,34,91,59,0,1,1,1,0
handshake,2026-07-23T16:15:25+0900,3,STAT/STAT,30,PASS,0.810,3,3,3,2,1,0,0,0.0,34,91,59,0,1,1,1,0
handshake,2026-07-23T16:15:25+0900,3,STAT/STAT,31,PASS,3.846,3,3,3,2,1,0,0,0.0,34,91,59,0,1,1,1,0
handshake,2026-07-23T16:15:25+0900,3,STAT/STAT,32,PASS,0.898,3,3,3,2,1,0,0,0.0,34,91,59,0,1,1,1,0
handshake,2026-07-23T16:15:25+0900,3,STAT/STAT,33,PASS,0.957,3,3,3,2,1,0,0,0.0,34,91,59,0,1,1,1,0
handshake,2026-07-23T16:15:25+0900,3,STAT/STAT,34,PASS,1.021,3,3,3,2,1,0,0,0.0,34,91,59,0,1,1,1,0
handshake,2026-07-23T16:15:25+0900,3,STAT/STAT,35,PASS,0.792,3,3,3,2,1,0,0,0.0,34,91,59,0,1,1,1,0
handshake,2026-07-23T16:15:25+0900,3,STAT/STAT,36,PASS,0.891,3,3,3,2,1,0,0,0.0,34,91,59,0,1,1,1,0
handshake,2026-07-23T16:15:25+0900,3,STAT/STAT,37,PASS,0.937,3,3,3,2,1,0,0,0.0,34,91,59,0,1,1,1,0
handshake,2026-07-23T16:15:25+0900,3,STAT/STAT,38,PASS,0.861,3,3,3,2,1,0,0,0.0,34,91,59,0,1,1,1,0
handshake,2026-07-23T16:15:25+0900,3,STAT/STAT,39,PASS,0.854,3,3,3,2,1,0,0,0.0,34,91,59,0,1,1,1,0
handshake,2026-07-23T16:15:25+0900,3,STAT/STAT,40,PASS,0.733,3,3,3,2,1,0,0,0.0,34,91,59,0,1,1,1,0
handshake,2026-07-23T16:15:25+0900,3,STAT/STAT,41,PASS,0.916,3,3,3,2,1,0,0,0.0,34,91,59,0,1,1,1,0
handshake,2026-07-23T16:15:25+0900,3,STAT/STAT,42,PASS,0.911,3,3,3,2,1,0,0,0.0,34,91,59,0,1,1,1,0
handshake,2026-07-23T16:15:25+0900,3,STAT/STAT,43,PASS,0.896,3,3,3,2,1,0,0,0.0,34,91,59,0,1,1,1,0
handshake,2026-07-23T16:15:25+0900,3,STAT/STAT,44,PASS,0.902,3,3,3,2,1,0,0,0.0,34,91,59,0,1,1,1,0
handshake,2026-07-23T16:15:25+0900,3,STAT/STAT,45,PASS,0.793,3,3,3,2,1,0,0,0.0,34,91,59,0,1,1,1,0
handshake,2026-07-23T16:15:25+0900,3,STAT/STAT,46,PASS,1.232,3,3,3,2,1,0,0,0.0,34,91,59,0,1,1,1,0
handshake,2026-07-23T16:15:25+0900,3,STAT/STAT,47,PASS,1.560,3,3,3,2,1,0,0,0.0,34,91,59,0,1,1,1,0
handshake,2026-07-23T16:15:25+0900,3,STAT/STAT,48,PASS,0.812,3,3,3,2,1,0,0,0.0,34,91,59,0,1,1,1,0
handshake,2026-07-23T16:15:25+0900,3,STAT/STAT,49,PASS,0.809,3,3,3,2,1,0,0,0.0,34,91,59,0,1,1,1,0
handshake,2026-07-23T16:15:25+0900,3,STAT/STAT,50,PASS,0.747,3,3,3,2,1,0,0,0.0,34,91,59,0,1,1,1,0
handshake,2026-07-23T16:15:25+0900,3,STAT/STAT,51,PASS,0.727,3,3,3,2,1,0,0,0.0,34,91,59,0,1,1,1,0
handshake,2026-07-23T16:15:25+0900,3,STAT/STAT,52,PASS,0.782,3,3,3,2,1,0,0,0.0,34,91,59,0,1,1,1,0
handshake,2026-07-23T16:15:25+0900,3,STAT/STAT,53,PASS,0.698,3,3,3,2,1,0,0,0.0,34,91,59,0,1,1,1,0
handshake,2026-07-23T16:15:25+0900,3,STAT/STAT,54,PASS,0.688,3,3,3,2,1,0,0,0.0,34,91,59,0,1,1,1,0
handshake,2026-07-23T16:15:25+0900,3,STAT/STAT,55,PASS,0.687,3,3,3,2,1,0,0,0.0,34,91,59,0,1,1,1,0
handshake,2026-07-23T16:15:25+0900,3,STAT/STAT,56,PASS,0.705,3,3,3,2,1,0,0,0.0,34,91,59,0,1,1,1,0
handshake,2026-07-23T16:15:25+0900,3,STAT/STAT,57,PASS,1.117,3,3,3,2,1,0,0,0.0,34,91,59,0,1,1,1,0
handshake,2026-07-23T16:15:25+0900,3,STAT/STAT,58,PASS,0.795,3,3,3,2,1,0,0,0.0,34,91,59,0,1,1,1,0
handshake,2026-07-23T16:15:25+0900,3,STAT/STAT,59,PASS,0.903,3,3,3,2,1,0,0,0.0,34,91,59,0,1,1,1,0
handshake,2026-07-23T16:15:25+0900,3,STAT/STAT,60,PASS,0.844,3,3,3,2,1,0,0,0.0,34,91,59,0,1,1,1,0
handshake,2026-07-23T16:15:25+0900,3,STAT/STAT,61,PASS,0.777,3,3,3,2,1,0,0,0.0,34,91,59,0,1,1,1,0
handshake,2026-07-23T16:15:25+0900,3,STAT/STAT,62,PASS,0.808,3,3,3,2,1,0,0,0.0,34,91,59,0,1,1,1,0
handshake,2026-07-23T16:15:25+0900,3,STAT/STAT,63,PASS,1.036,3,3,3,2,1,0,0,0.0,34,91,59,0,1,1,1,0
handshake,2026-07-23T16:15:25+0900,3,STAT/STAT,64,PASS,0.935,3,3,3,2,1,0,0,0.0,34,91,59,0,1,1,1,0
handshake,2026-07-23T16:15:25+0900,3,STAT/STAT,65,PASS,0.885,3,3,3,2,1,0,0,0.0,34,91,59,0,1,1,1,0
handshake,2026-07-23T16:15:25+0900,3,STAT/STAT,66,PASS,0.698,3,3,3,2,1,0,0,0.0,34,91,59,0,1,1,1,0
handshake,2026-07-23T16:15:25+0900,3,STAT/STAT,67,PASS,0.699,3,3,3,2,1,0,0,0.0,34,91,59,0,1,1,1,0
handshake,2026-07-23T16:15:25+0900,3,STAT/STAT,68,PASS,0.680,3,3,3,2,1,0,0,0.0,34,91,59,0,1,1,1,0
handshake,2026-07-23T16:15:25+0900,3,STAT/STAT,69,PASS,0.747,3,3,3,2,1,0,0,0.0,34,91,59,0,1,1,1,0
handshake,2026-07-23T16:15:25+0900,3,STAT/STAT,70,PASS,0.688,3,3,3,2,1,0,0,0.0,34,91,59,0,1,1,1,0
handshake,2026-07-23T16:15:25+0900,3,STAT/STAT,71,PASS,0.690,3,3,3,2,1,0,0,0.0,34,91,59,0,1,1,1,0
handshake,2026-07-23T16:15:25+0900,3,STAT/STAT,72,PASS,0.706,3,3,3,2,1,0,0,0.0,34,91,59,0,1,1,1,0
handshake,2026-07-23T16:15:25+0900,3,STAT/STAT,73,PASS,0.793,3,3,3,2,1,0,0,0.0,34,91,59,0,1,1,1,0
handshake,2026-07-23T16:15:25+0900,3,STAT/STAT,74,PASS,0.806,3,3,3,2,1,0,0,0.0,34,91,59,0,1,1,1,0
handshake,2026-07-23T16:15:25+0900,3,STAT/STAT,75,PASS,0.789,3,3,3,2,1,0,0,0.0,34,91,59,0,1,1,1,0
handshake,2026-07-23T16:15:25+0900,3,STAT/STAT,76,PASS,0.703,3,3,3,2,1,0,0,0.0,34,91,59,0,1,1,1,0
handshake,2026-07-23T16:15:25+0900,3,STAT/STAT,77,PASS,0.692,3,3,3,2,1,0,0,0.0,34,91,59,0,1,1,1,0
handshake,2026-07-23T16:15:25+0900,3,STAT/STAT,78,PASS,0.688,3,3,3,2,1,0,0,0.0,34,91,59,0,1,1,1,0
handshake,2026-07-23T16:15:25+0900,3,STAT/STAT,79,PASS,0.687,3,3,3,2,1,0,0,0.0,34,91,59,0,1,1,1,0
handshake,2026-07-23T16:15:25+0900,3,STAT/STAT,80,PASS,0.719,3,3,3,2,1,0,0,0.0,34,91,59,0,1,1,1,0
handshake,2026-07-23T16:15:25+0900,3,STAT/STAT,81,PASS,1.565,3,3,3,2,1,0,0,0.0,34,91,59,0,1,1,1,0
handshake,2026-07-23T16:15:25+0900,3,STAT/STAT,82,PASS,1.042,3,3,3,2,1,0,0,0.0,34,91,59,0,1,1,1,0
handshake,2026-07-23T16:15:25+0900,3,STAT/STAT,83,PASS,0.936,3,3,3,2,1,0,0,0.0,34,91,59,0,1,1,1,0
handshake,2026-07-23T16:15:25+0900,3,STAT/STAT,84,PASS,2.492,3,3,3,2,1,0,0,0.0,34,91,59,0,1,1,1,0
handshake,2026-07-23T16:15:25+0900,3,STAT/STAT,85,PASS,0.897,3,3,3,2,1,0,0,0.0,34,91,59,0,1,1,1,0
handshake,2026-07-23T16:15:25+0900,3,STAT/STAT,86,PASS,0.899,3,3,3,2,1,0,0,0.0,34,91,59,0,1,1,1,0
handshake,2026-07-23T16:15:25+0900,3,STAT/STAT,87,PASS,0.942,3,3,3,2,1,0,0,0.0,34,91,59,0,1,1,1,0
handshake,2026-07-23T16:15:25+0900,3,STAT/STAT,88,PASS,0.697,3,3,3,2,1,0,0,0.0,34,91,59,0,1,1,1,0
handshake,2026-07-23T16:15:25+0900,3,STAT/STAT,89,PASS,1.016,3,3,3,2,1,0,0,0.0,34,91,59,0,1,1,1,0
handshake,2026-07-23T16:15:25+0900,3,STAT/STAT,90,PASS,0.717,3,3,3,2,1,0,0,0.0,34,91,59,0,1,1,1,0
handshake,2026-07-23T16:15:25+0900,3,STAT/STAT,91,PASS,0.761,3,3,3,2,1,0,0,0.0,34,91,59,0,1,1,1,0
handshake,2026-07-23T16:15:25+0900,3,STAT/STAT,92,PASS,0.701,3,3,3,2,1,0,0,0.0,34,91,59,0,1,1,1,0
handshake,2026-07-23T16:15:25+0900,3,STAT/STAT,93,PASS,0.687,3,3,3,2,1,0,0,0.0,34,91,59,0,1,1,1,0
handshake,2026-07-23T16:15:25+0900,3,STAT/STAT,94,PASS,0.974,3,3,3,2,1,0,0,0.0,34,91,59,0,1,1,1,0
handshake,2026-07-23T16:15:25+0900,3,STAT/STAT,95,PASS,0.724,3,3,3,2,1,0,0,0.0,34,91,59,0,1,1,1,0
handshake,2026-07-23T16:15:25+0900,3,STAT/STAT,96,PASS,0.807,3,3,3,2,1,0,0,0.0,34,91,59,0,1,1,1,0
handshake,2026-07-23T16:15:25+0900,3,STAT/STAT,97,PASS,0.775,3,3,3,2,1,0,0,0.0,34,91,59,0,1,1,1,0
handshake,2026-07-23T16:15:25+0900,3,STAT/STAT,98,PASS,0.999,3,3,3,2,1,0,0,0.0,34,91,59,0,1,1,1,0
handshake,2026-07-23T16:15:25+0900,3,STAT/STAT,99,PASS,0.697,3,3,3,2,1,0,0,0.0,34,91,59,0,1,1,1,0
handshake,2026-07-23T16:15:25+0900,3,STAT/STAT,100,PASS,1.144,3,3,3,2,1,0,0,0.0,34,91,59,0,1,1,1,0
handshake,2026-07-23T16:15:25+0900,4,SIGMA-XWING-PQC,1,PASS,10.149,17,17,17,16,1,0,0,0.0,2354,6000,4975,1232,3,7,5,2
handshake,2026-07-23T16:15:25+0900,4,SIGMA-XWING-PQC,2,PASS,5.547,17,17,17,16,1,0,0,0.0,2354,6000,4975,1232,3,7,5,2
handshake,2026-07-23T16:15:25+0900,4,SIGMA-XWING-PQC,3,PASS,5.764,17,17,17,16,1,0,0,0.0,2354,6000,4975,1232,3,7,5,2
handshake,2026-07-23T16:15:25+0900,4,SIGMA-XWING-PQC,4,PASS,6.751,17,17,17,16,1,0,0,0.0,2354,6000,4975,1232,3,7,5,2
handshake,2026-07-23T16:15:25+0900,4,SIGMA-XWING-PQC,5,PASS,6.337,17,17,17,16,1,0,0,0.0,2354,6000,4975,1232,3,7,5,2
handshake,2026-07-23T16:15:25+0900,4,SIGMA-XWING-PQC,6,PASS,5.804,17,17,17,16,1,0,0,0.0,2354,6000,4975,1232,3,7,5,2
handshake,2026-07-23T16:15:25+0900,4,SIGMA-XWING-PQC,7,PASS,6.895,17,17,17,16,1,0,0,0.0,2354,6000,4975,1232,3,7,5,2
handshake,2026-07-23T16:15:25+0900,4,SIGMA-XWING-PQC,8,PASS,5.306,17,17,17,16,1,0,0,0.0,2354,6000,4975,1232,3,7,5,2
handshake,2026-07-23T16:15:25+0900,4,SIGMA-XWING-PQC,9,PASS,9.586,17,17,17,16,1,0,0,0.0,2354,6000,4975,1232,3,7,5,2
handshake,2026-07-23T16:15:25+0900,4,SIGMA-XWING-PQC,10,PASS,4.695,17,17,17,16,1,0,0,0.0,2354,6000,4975,1232,3,7,5,2
handshake,2026-07-23T16:15:25+0900,4,SIGMA-XWING-PQC,11,PASS,4.428,17,17,17,16,1,0,0,0.0,2354,6000,4975,1232,3,7,5,2
handshake,2026-07-23T16:15:25+0900,4,SIGMA-XWING-PQC,12,PASS,5.112,17,17,17,16,1,0,0,0.0,2354,6000,4975,1232,3,7,5,2
handshake,2026-07-23T16:15:25+0900,4,SIGMA-XWING-PQC,13,PASS,7.046,17,17,17,16,1,0,0,0.0,2354,6000,4975,1232,3,7,5,2
handshake,2026-07-23T16:15:25+0900,4,SIGMA-XWING-PQC,14,PASS,5.336,17,17,17,16,1,0,0,0.0,2354,6000,4975,1232,3,7,5,2
handshake,2026-07-23T16:15:25+0900,4,SIGMA-XWING-PQC,15,PASS,5.859,17,17,17,16,1,0,0,0.0,2354,6000,4975,1232,3,7,5,2
handshake,2026-07-23T16:15:25+0900,4,SIGMA-XWING-PQC,16,PASS,5.907,17,17,17,16,1,0,0,0.0,2354,6000,4975,1232,3,7,5,2
handshake,2026-07-23T16:15:25+0900,4,SIGMA-XWING-PQC,17,PASS,5.303,17,17,17,16,1,0,0,0.0,2354,6000,4975,1232,3,7,5,2
handshake,2026-07-23T16:15:25+0900,4,SIGMA-XWING-PQC,18,PASS,12.361,17,17,17,16,1,0,0,0.0,2354,6000,4975,1232,3,7,5,2
handshake,2026-07-23T16:15:25+0900,4,SIGMA-XWING-PQC,19,PASS,4.209,17,17,17,16,1,0,0,0.0,2354,6000,4975,1232,3,7,5,2
handshake,2026-07-23T16:15:25+0900,4,SIGMA-XWING-PQC,20,PASS,6.187,17,17,17,16,1,0,0,0.0,2354,6000,4975,1232,3,7,5,2
handshake,2026-07-23T16:15:25+0900,4,SIGMA-XWING-PQC,21,PASS,9.393,17,17,17,16,1,0,0,0.0,2354,6000,4975,1232,3,7,5,2
handshake,2026-07-23T16:15:25+0900,4,SIGMA-XWING-PQC,22,PASS,5.305,17,17,17,16,1,0,0,0.0,2354,6000,4975,1232,3,7,5,2
handshake,2026-07-23T16:15:25+0900,4,SIGMA-XWING-PQC,23,PASS,6.663,17,17,17,16,1,0,0,0.0,2354,6000,4975,1232,3,7,5,2
handshake,2026-07-23T16:15:25+0900,4,SIGMA-XWING-PQC,24,PASS,4.933,17,17,17,16,1,0,0,0.0,2354,6000,4975,1232,3,7,5,2
handshake,2026-07-23T16:15:25+0900,4,SIGMA-XWING-PQC,25,PASS,6.872,17,17,17,16,1,0,0,0.0,2354,6000,4975,1232,3,7,5,2
handshake,2026-07-23T16:15:25+0900,4,SIGMA-XWING-PQC,26,PASS,6.033,17,17,17,16,1,0,0,0.0,2354,6000,4975,1232,3,7,5,2
handshake,2026-07-23T16:15:25+0900,4,SIGMA-XWING-PQC,27,PASS,14.289,17,17,17,16,1,0,0,0.0,2354,6000,4975,1232,3,7,5,2
handshake,2026-07-23T16:15:25+0900,4,SIGMA-XWING-PQC,28,PASS,10.024,17,17,17,16,1,0,0,0.0,2354,6000,4975,1232,3,7,5,2
handshake,2026-07-23T16:15:25+0900,4,SIGMA-XWING-PQC,29,PASS,5.174,17,17,17,16,1,0,0,0.0,2354,6000,4975,1232,3,7,5,2
handshake,2026-07-23T16:15:25+0900,4,SIGMA-XWING-PQC,30,PASS,7.547,17,17,17,16,1,0,0,0.0,2354,6000,4975,1232,3,7,5,2
handshake,2026-07-23T16:15:25+0900,4,SIGMA-XWING-PQC,31,PASS,7.158,17,17,17,16,1,0,0,0.0,2354,6000,4975,1232,3,7,5,2
handshake,2026-07-23T16:15:25+0900,4,SIGMA-XWING-PQC,32,PASS,5.852,17,17,17,16,1,0,0,0.0,2354,6000,4975,1232,3,7,5,2
handshake,2026-07-23T16:15:25+0900,4,SIGMA-XWING-PQC,33,PASS,9.032,17,17,17,16,1,0,0,0.0,2354,6000,4975,1232,3,7,5,2
handshake,2026-07-23T16:15:25+0900,4,SIGMA-XWING-PQC,34,PASS,9.381,17,17,17,16,1,0,0,0.0,2354,6000,4975,1232,3,7,5,2
handshake,2026-07-23T16:15:25+0900,4,SIGMA-XWING-PQC,35,PASS,5.931,17,17,17,16,1,0,0,0.0,2354,6000,4975,1232,3,7,5,2
handshake,2026-07-23T16:15:25+0900,4,SIGMA-XWING-PQC,36,PASS,6.441,17,17,17,16,1,0,0,0.0,2354,6000,4975,1232,3,7,5,2
handshake,2026-07-23T16:15:25+0900,4,SIGMA-XWING-PQC,37,PASS,4.941,17,17,17,16,1,0,0,0.0,2354,6000,4975,1232,3,7,5,2
handshake,2026-07-23T16:15:25+0900,4,SIGMA-XWING-PQC,38,PASS,6.361,17,17,17,16,1,0,0,0.0,2354,6000,4975,1232,3,7,5,2
handshake,2026-07-23T16:15:25+0900,4,SIGMA-XWING-PQC,39,PASS,9.318,17,17,17,16,1,0,0,0.0,2354,6000,4975,1232,3,7,5,2
handshake,2026-07-23T16:15:25+0900,4,SIGMA-XWING-PQC,40,PASS,6.031,17,17,17,16,1,0,0,0.0,2354,6000,4975,1232,3,7,5,2
handshake,2026-07-23T16:15:25+0900,4,SIGMA-XWING-PQC,41,PASS,6.368,17,17,17,16,1,0,0,0.0,2354,6000,4975,1232,3,7,5,2
handshake,2026-07-23T16:15:25+0900,4,SIGMA-XWING-PQC,42,PASS,8.840,17,17,17,16,1,0,0,0.0,2354,6000,4975,1232,3,7,5,2
handshake,2026-07-23T16:15:25+0900,4,SIGMA-XWING-PQC,43,PASS,5.381,17,17,17,16,1,0,0,0.0,2354,6000,4975,1232,3,7,5,2
handshake,2026-07-23T16:15:25+0900,4,SIGMA-XWING-PQC,44,PASS,7.351,17,17,17,16,1,0,0,0.0,2354,6000,4975,1232,3,7,5,2
handshake,2026-07-23T16:15:25+0900,4,SIGMA-XWING-PQC,45,PASS,7.318,17,17,17,16,1,0,0,0.0,2354,6000,4975,1232,3,7,5,2
handshake,2026-07-23T16:15:25+0900,4,SIGMA-XWING-PQC,46,PASS,6.738,17,17,17,16,1,0,0,0.0,2354,6000,4975,1232,3,7,5,2
handshake,2026-07-23T16:15:25+0900,4,SIGMA-XWING-PQC,47,PASS,9.352,17,17,17,16,1,0,0,0.0,2354,6000,4975,1232,3,7,5,2
handshake,2026-07-23T16:15:25+0900,4,SIGMA-XWING-PQC,48,PASS,5.022,17,17,17,16,1,0,0,0.0,2354,6000,4975,1232,3,7,5,2
handshake,2026-07-23T16:15:25+0900,4,SIGMA-XWING-PQC,49,PASS,7.896,17,17,17,16,1,0,0,0.0,2354,6000,4975,1232,3,7,5,2
handshake,2026-07-23T16:15:25+0900,4,SIGMA-XWING-PQC,50,PASS,6.986,17,17,17,16,1,0,0,0.0,2354,6000,4975,1232,3,7,5,2
handshake,2026-07-23T16:15:25+0900,4,SIGMA-XWING-PQC,51,PASS,9.640,17,17,17,16,1,0,0,0.0,2354,6000,4975,1232,3,7,5,2
handshake,2026-07-23T16:15:25+0900,4,SIGMA-XWING-PQC,52,PASS,9.024,17,17,17,16,1,0,0,0.0,2354,6000,4975,1232,3,7,5,2
handshake,2026-07-23T16:15:25+0900,4,SIGMA-XWING-PQC,53,PASS,6.802,17,17,17,16,1,0,0,0.0,2354,6000,4975,1232,3,7,5,2
handshake,2026-07-23T16:15:25+0900,4,SIGMA-XWING-PQC,54,PASS,5.451,17,17,17,16,1,0,0,0.0,2354,6000,4975,1232,3,7,5,2
handshake,2026-07-23T16:15:25+0900,4,SIGMA-XWING-PQC,55,PASS,5.338,17,17,17,16,1,0,0,0.0,2354,6000,4975,1232,3,7,5,2
handshake,2026-07-23T16:15:25+0900,4,SIGMA-XWING-PQC,56,PASS,7.149,17,17,17,16,1,0,0,0.0,2354,6000,4975,1232,3,7,5,2
handshake,2026-07-23T16:15:25+0900,4,SIGMA-XWING-PQC,57,PASS,5.129,17,17,17,16,1,0,0,0.0,2354,6000,4975,1232,3,7,5,2
handshake,2026-07-23T16:15:25+0900,4,SIGMA-XWING-PQC,58,PASS,5.931,17,17,17,16,1,0,0,0.0,2354,6000,4975,1232,3,7,5,2
handshake,2026-07-23T16:15:25+0900,4,SIGMA-XWING-PQC,59,PASS,5.370,17,17,17,16,1,0,0,0.0,2354,6000,4975,1232,3,7,5,2
handshake,2026-07-23T16:15:25+0900,4,SIGMA-XWING-PQC,60,PASS,6.607,17,17,17,16,1,0,0,0.0,2354,6000,4975,1232,3,7,5,2
handshake,2026-07-23T16:15:25+0900,4,SIGMA-XWING-PQC,61,PASS,7.422,17,17,17,16,1,0,0,0.0,2354,6000,4975,1232,3,7,5,2
handshake,2026-07-23T16:15:25+0900,4,SIGMA-XWING-PQC,62,PASS,12.100,17,17,17,16,1,0,0,0.0,2354,6000,4975,1232,3,7,5,2
handshake,2026-07-23T16:15:25+0900,4,SIGMA-XWING-PQC,63,PASS,18.304,17,17,17,16,1,0,0,0.0,2354,6000,4975,1232,3,7,5,2
handshake,2026-07-23T16:15:25+0900,4,SIGMA-XWING-PQC,64,PASS,8.591,17,17,17,16,1,0,0,0.0,2354,6000,4975,1232,3,7,5,2
handshake,2026-07-23T16:15:25+0900,4,SIGMA-XWING-PQC,65,PASS,8.840,17,17,17,16,1,0,0,0.0,2354,6000,4975,1232,3,7,5,2
handshake,2026-07-23T16:15:25+0900,4,SIGMA-XWING-PQC,66,PASS,5.198,17,17,17,16,1,0,0,0.0,2354,6000,4975,1232,3,7,5,2
handshake,2026-07-23T16:15:25+0900,4,SIGMA-XWING-PQC,67,PASS,5.725,17,17,17,16,1,0,0,0.0,2354,6000,4975,1232,3,7,5,2
handshake,2026-07-23T16:15:25+0900,4,SIGMA-XWING-PQC,68,PASS,5.504,17,17,17,16,1,0,0,0.0,2354,6000,4975,1232,3,7,5,2
handshake,2026-07-23T16:15:25+0900,4,SIGMA-XWING-PQC,69,PASS,5.265,17,17,17,16,1,0,0,0.0,2354,6000,4975,1232,3,7,5,2
handshake,2026-07-23T16:15:25+0900,4,SIGMA-XWING-PQC,70,PASS,5.817,17,17,17,16,1,0,0,0.0,2354,6000,4975,1232,3,7,5,2
handshake,2026-07-23T16:15:25+0900,4,SIGMA-XWING-PQC,71,PASS,5.259,17,17,17,16,1,0,0,0.0,2354,6000,4975,1232,3,7,5,2
handshake,2026-07-23T16:15:25+0900,4,SIGMA-XWING-PQC,72,PASS,5.648,17,17,17,16,1,0,0,0.0,2354,6000,4975,1232,3,7,5,2
handshake,2026-07-23T16:15:25+0900,4,SIGMA-XWING-PQC,73,PASS,4.942,17,17,17,16,1,0,0,0.0,2354,6000,4975,1232,3,7,5,2
handshake,2026-07-23T16:15:25+0900,4,SIGMA-XWING-PQC,74,PASS,5.740,17,17,17,16,1,0,0,0.0,2354,6000,4975,1232,3,7,5,2
handshake,2026-07-23T16:15:25+0900,4,SIGMA-XWING-PQC,75,PASS,5.371,17,17,17,16,1,0,0,0.0,2354,6000,4975,1232,3,7,5,2
handshake,2026-07-23T16:15:25+0900,4,SIGMA-XWING-PQC,76,PASS,5.169,17,17,17,16,1,0,0,0.0,2354,6000,4975,1232,3,7,5,2
handshake,2026-07-23T16:15:25+0900,4,SIGMA-XWING-PQC,77,PASS,5.457,17,17,17,16,1,0,0,0.0,2354,6000,4975,1232,3,7,5,2
handshake,2026-07-23T16:15:25+0900,4,SIGMA-XWING-PQC,78,PASS,5.251,17,17,17,16,1,0,0,0.0,2354,6000,4975,1232,3,7,5,2
handshake,2026-07-23T16:15:25+0900,4,SIGMA-XWING-PQC,79,PASS,4.971,17,17,17,16,1,0,0,0.0,2354,6000,4975,1232,3,7,5,2
handshake,2026-07-23T16:15:25+0900,4,SIGMA-XWING-PQC,80,PASS,5.740,17,17,17,16,1,0,0,0.0,2354,6000,4975,1232,3,7,5,2
handshake,2026-07-23T16:15:25+0900,4,SIGMA-XWING-PQC,81,PASS,5.309,17,17,17,16,1,0,0,0.0,2354,6000,4975,1232,3,7,5,2
handshake,2026-07-23T16:15:25+0900,4,SIGMA-XWING-PQC,82,PASS,4.888,17,17,17,16,1,0,0,0.0,2354,6000,4975,1232,3,7,5,2
handshake,2026-07-23T16:15:25+0900,4,SIGMA-XWING-PQC,83,PASS,5.313,17,17,17,16,1,0,0,0.0,2354,6000,4975,1232,3,7,5,2
handshake,2026-07-23T16:15:25+0900,4,SIGMA-XWING-PQC,84,PASS,4.932,17,17,17,16,1,0,0,0.0,2354,6000,4975,1232,3,7,5,2
handshake,2026-07-23T16:15:25+0900,4,SIGMA-XWING-PQC,85,PASS,7.118,17,17,17,16,1,0,0,0.0,2354,6000,4975,1232,3,7,5,2
handshake,2026-07-23T16:15:25+0900,4,SIGMA-XWING-PQC,86,PASS,5.447,17,17,17,16,1,0,0,0.0,2354,6000,4975,1232,3,7,5,2
handshake,2026-07-23T16:15:25+0900,4,SIGMA-XWING-PQC,87,PASS,6.007,17,17,17,16,1,0,0,0.0,2354,6000,4975,1232,3,7,5,2
handshake,2026-07-23T16:15:25+0900,4,SIGMA-XWING-PQC,88,PASS,6.141,17,17,17,16,1,0,0,0.0,2354,6000,4975,1232,3,7,5,2
handshake,2026-07-23T16:15:25+0900,4,SIGMA-XWING-PQC,89,PASS,5.147,17,17,17,16,1,0,0,0.0,2354,6000,4975,1232,3,7,5,2
handshake,2026-07-23T16:15:25+0900,4,SIGMA-XWING-PQC,90,PASS,28.392,17,17,17,16,1,0,0,0.0,2354,6000,4975,1232,3,7,5,2
handshake,2026-07-23T16:15:26+0900,4,SIGMA-XWING-PQC,91,PASS,9.360,17,17,17,16,1,0,0,0.0,2354,6000,4975,1232,3,7,5,2
handshake,2026-07-23T16:15:26+0900,4,SIGMA-XWING-PQC,92,PASS,5.794,17,17,17,16,1,0,0,0.0,2354,6000,4975,1232,3,7,5,2
handshake,2026-07-23T16:15:26+0900,4,SIGMA-XWING-PQC,93,PASS,12.217,17,17,17,16,1,0,0,0.0,2354,6000,4975,1232,3,7,5,2
handshake,2026-07-23T16:15:26+0900,4,SIGMA-XWING-PQC,94,PASS,5.793,17,17,17,16,1,0,0,0.0,2354,6000,4975,1232,3,7,5,2
handshake,2026-07-23T16:15:26+0900,4,SIGMA-XWING-PQC,95,PASS,5.865,17,17,17,16,1,0,0,0.0,2354,6000,4975,1232,3,7,5,2
handshake,2026-07-23T16:15:26+0900,4,SIGMA-XWING-PQC,96,PASS,5.350,17,17,17,16,1,0,0,0.0,2354,6000,4975,1232,3,7,5,2
handshake,2026-07-23T16:15:26+0900,4,SIGMA-XWING-PQC,97,PASS,6.468,17,17,17,16,1,0,0,0.0,2354,6000,4975,1232,3,7,5,2
handshake,2026-07-23T16:15:26+0900,4,SIGMA-XWING-PQC,98,PASS,5.845,17,17,17,16,1,0,0,0.0,2354,6000,4975,1232,3,7,5,2
handshake,2026-07-23T16:15:26+0900,4,SIGMA-XWING-PQC,99,PASS,5.211,17,17,17,16,1,0,0,0.0,2354,6000,4975,1232,3,7,5,2
handshake,2026-07-23T16:15:26+0900,4,SIGMA-XWING-PQC,100,PASS,7.193,17,17,17,16,1,0,0,0.0,2354,6000,4975,1232,3,7,5,2
